id,semis_code,school_name,head_master,cnic,phone,address,level,gender,taluka,enrollment,enrollment_boys,enrollment_girls,attendance_pct,status,status_badge,classrooms,teachers,non_teaching,facility_electricity,facility_water,facility_toilets,facility_boundary_wall,facility_internet,building_structure,drainage_sewerage,flood_prone,furniture_condition
1,403010001,"Government Primary School Model City, Tando Allahyar","Muhammad Ishaq Memon",41302-1849201-3,"+92 300 1234567","Station Road, City Area, Tando Allahyar",Primary,Co-education,"Tando Allahyar",263,100,163,93%,Good,badge-good,6,8,2,"Solar + Grid","Filtered Plant","Functional Blocks","Secured & Complete","Broadband / 4G","Good Condition","Functional Drainage",No,Adequate
2,403010002,"Government Girls Elementary School B, Jhando Mari","Nusrat Parveen Laghari",41302-7654321-2,"+92 301 2345678","Main Bazar, Jhando Mari",Middle,Girls,"Jhando Mari",218,0,218,84%,"Needs Attention",badge-attention,5,6,2,"Grid Only","Handpump / Tap","Needs Repair","Partial / Damaged","Unavailable / None","Needs Repair","Functional Drainage",No,Adequate
3,403010003,"Government High School Main, Chambar","Ghulam Sarwar Jarwar",41302-9876543-1,"+92 302 3456789","Station Road, Chambar",Secondary,Boys,Chambar,567,567,0,96%,Active,badge-active,12,18,4,"Solar + Grid","Filtered Plant","Functional Blocks","Secured & Complete","Broadband / 4G","Good Condition","Functional Drainage",No,Adequate
4,403010004,"Government Boys Primary School D, Nasarpur","Abdul Hameed Soomro",41302-3456789-5,"+92 303 4567890","Mohallah Qazi, Nasarpur",Primary,Boys,Nasarpur,189,189,0,72%,"Not Reporting",badge-not-rep,4,4,1,"Unavailable / None","Handpump / Tap","Needs Repair","Unavailable / None","Unavailable / None","Dangerous / Unsafe","Broken / None",No,Shortage
5,403010005,"Government Girls Secondary School E, Tando Allahyar","Farzana Kousar",41302-5432167-4,"+92 304 5678901","Mir Colony, Tando Allahyar",Secondary,Girls,"Tando Allahyar",412,0,412,91%,Good,badge-good,10,14,3,"Solar + Grid","Filtered Plant","Functional Blocks","Secured & Complete","Broadband / 4G","Good Condition","Functional Drainage",No,Adequate
6,403010006,"Government Comprehensive Model School F, Tando Allahyar","Dr. Rasheed Ahmed Jamali",41302-6543218-7,"+92 305 6789012","Hyderabad Road, Tando Allahyar","Higher Secondary",Co-education,"Tando Allahyar",628,330,298,94%,Active,badge-active,16,24,5,"Solar + Grid","Filtered Plant","Functional Blocks","Secured & Complete","Broadband / 4G","Good Condition","Functional Drainage",No,Adequate
7,403010007,"Government Primary School G, Pyaro Lund","Khadim Hussain Lund",41302-2345678-9,"+92 306 7890123","Village Pyaro Lund, Jhando Mari",Primary,Co-education,"Jhando Mari",155,85,70,88%,Good,badge-good,3,4,1,"Solar Only","Handpump / Tap","Functional Blocks","Secured & Complete","Partial / Mobile Data","Good Condition","Partial Drainage",Yes,Adequate
8,403010008,"Government Boys High School Missan, Chambar","Ali Nawaz Rind",41302-8765432-1,"+92 307 8901234","Missan Stop, Chambar",Secondary,Boys,Chambar,480,480,0,92%,Active,badge-active,9,12,3,"Grid Only","Water Supply Line","Functional Blocks","Secured & Complete","Partial / Mobile Data","Good Condition","Functional Drainage",No,Adequate
9,403010009,"Government Girls High School Ceramic Town, Nasarpur","Shazia Bano Nizamani",41302-4567890-8,"+92 308 9012345","Ceramic Center Road, Nasarpur",Secondary,Girls,Nasarpur,310,0,310,89%,Good,badge-good,8,11,2,"Solar + Grid","Filtered Plant","Functional Blocks","Secured & Complete","Broadband / 4G","Good Condition","Functional Drainage",No,Adequate
10,403010010,"Government Primary School Station Road, Tando Allahyar","Mirza Bashir Baig",41302-1357924-3,"+92 309 0123456","Railway Colony, Tando Allahyar",Primary,Co-education,"Tando Allahyar",275,145,130,86%,"Needs Attention",badge-attention,5,7,2,"Grid Only","Handpump / Tap","Needs Repair","Under Construction","Unavailable / None","Needs Repair","Partial Drainage",No,Shortage
