key,value,updated_at
district,"Tando Allahyar District","2026-09-19 20:07:01"
app_name,"District RSU Portal","2026-09-19 20:07:01"
department,"School Education & Literacy Department","2026-09-19 20:07:01"
govt,"Government of Sindh","2026-09-19 22:00:00"
academic_year,2026-2027,"2026-09-19 20:07:01"
attendance_target,95,"2026-09-19 20:07:01"
high_risk_threshold,60,"2026-09-19 20:07:01"
contact_email,deo.tandoallahyar@seld.gos.pk,"2026-09-19 20:07:01"
contact_phone,"+92 22 3892401","2026-09-19 20:07:01"
