id,username,password_hash,password_plain,full_name,role,role_title,district,school_semis,cnic,status,avatar
1,admin,$2y$12$HNLhVquFLCVCMiZivNkOP.Feq35F5sR4CCIqGKG7PSKGk9XGjaCqm,admin,"District RSU Coordinator",admin,"District Coordinator / Administrator","Tando Allahyar District",,,active,
2,deo_tay,$2y$12$HNLhVquFLCVCMiZivNkOP.Feq35F5sR4CCIqGKG7PSKGk9XGjaCqm,admin,"District Education Officer Tando Allahyar",admin,"District Education Officer (DEO)","Tando Allahyar District",,,active,
3,41302-1849201-3,$2y$10$MCy0hAIz7pFLdUcHomKg9.qESI0dsZapZatSu/umUAoOoD6c298Wy,1122,"Muhammad Ishaq Memon",school,"Head Master","Tando Allahyar",403010001,41302-1849201-3,active,
4,41302-9876543-1,$2y$10$Q7YmYgH70gE38lOqCgZlEuQW3q2NvyFeqm5q2e0fHkljUfR5n14hG,1122,"Ghulam Sarwar Jarwar",school,Principal,"Tando Allahyar District",403010003,41302-9876543-1,active,
5,41302-7654321-2,$2y$10$Bd6sUQ/ijAl93P.07UzTEepPGKGGcHw3/lMZMBmukg6lwAGlfvPXW,1122,"Nusrat Parveen Laghari",school,"Head Master / Principal","Jhando Mari",403010002,41302-7654321-2,active,
6,41302-3456789-5,$2y$10$Bd6sUQ/ijAl93P.07UzTEepPGKGGcHw3/lMZMBmukg6lwAGlfvPXW,1122,"Abdul Hameed Soomro",school,"Head Master / Principal",Nasarpur,403010004,41302-3456789-5,active,
7,41302-5432167-4,$2y$10$Bd6sUQ/ijAl93P.07UzTEepPGKGGcHw3/lMZMBmukg6lwAGlfvPXW,1122,"Farzana Kousar",school,"Head Master / Principal","Tando Allahyar",403010005,41302-5432167-4,active,
8,41302-6543218-7,$2y$10$Bd6sUQ/ijAl93P.07UzTEepPGKGGcHw3/lMZMBmukg6lwAGlfvPXW,1122,"Dr. Rasheed Ahmed Jamali",school,"Head Master / Principal","Tando Allahyar",403010006,41302-6543218-7,active,
9,41302-2345678-9,$2y$10$Bd6sUQ/ijAl93P.07UzTEepPGKGGcHw3/lMZMBmukg6lwAGlfvPXW,1122,"Khadim Hussain Lund",school,"Head Master / Principal","Jhando Mari",403010007,41302-2345678-9,active,
10,41302-8765432-1,$2y$10$Bd6sUQ/ijAl93P.07UzTEepPGKGGcHw3/lMZMBmukg6lwAGlfvPXW,1122,"Ali Nawaz Rind",school,"Head Master / Principal",Chambar,403010008,41302-8765432-1,active,
11,41302-4567890-8,$2y$10$Bd6sUQ/ijAl93P.07UzTEepPGKGGcHw3/lMZMBmukg6lwAGlfvPXW,1122,"Shazia Bano Nizamani",school,"Head Master / Principal",Nasarpur,403010009,41302-4567890-8,active,
12,41302-1357924-3,$2y$10$Bd6sUQ/ijAl93P.07UzTEepPGKGGcHw3/lMZMBmukg6lwAGlfvPXW,1122,"Mirza Bashir Baig",school,"Head Master / Principal","Tando Allahyar",403010010,41302-1357924-3,active,
13,41302-7788990-1,$2y$10$Bd6sUQ/ijAl93P.07UzTEepPGKGGcHw3/lMZMBmukg6lwAGlfvPXW,1122,"Abdul Rafeh",school,"Head Master / Principal","Tando Allahyar",424010147,41302-7788990-1,active,/LSU-PORTAL/assets/uploads/schools/school_11_1790680127.jpg
14,41302-7654321-2,$2y$10$Bd6sUQ/ijAl93P.07UzTEepPGKGGcHw3/lMZMBmukg6lwAGlfvPXW,1122,"Nusrat Parveen Laghari",school,"Head Master / Principal","Jhando Mari",2,41302-7654321-2,active,
15,41302-3456789-5,$2y$10$Bd6sUQ/ijAl93P.07UzTEepPGKGGcHw3/lMZMBmukg6lwAGlfvPXW,1122,"Abdul Hameed Soomro",school,"Head Master / Principal",Nasarpur,4,41302-3456789-5,active,
16,41302-5432167-4,$2y$10$Bd6sUQ/ijAl93P.07UzTEepPGKGGcHw3/lMZMBmukg6lwAGlfvPXW,1122,"Farzana Kousar",school,"Head Master / Principal","Tando Allahyar",5,41302-5432167-4,active,
17,41302-6543218-7,$2y$10$Bd6sUQ/ijAl93P.07UzTEepPGKGGcHw3/lMZMBmukg6lwAGlfvPXW,1122,"Dr. Rasheed Ahmed Jamali",school,"Head Master / Principal","Tando Allahyar",6,41302-6543218-7,active,
18,41302-2345678-9,$2y$10$Bd6sUQ/ijAl93P.07UzTEepPGKGGcHw3/lMZMBmukg6lwAGlfvPXW,1122,"Khadim Hussain Lund",school,"Head Master / Principal","Jhando Mari",7,41302-2345678-9,active,
19,41302-8765432-1,$2y$10$Bd6sUQ/ijAl93P.07UzTEepPGKGGcHw3/lMZMBmukg6lwAGlfvPXW,1122,"Ali Nawaz Rind",school,"Head Master / Principal",Chambar,8,41302-8765432-1,active,
20,41302-4567890-8,$2y$10$Bd6sUQ/ijAl93P.07UzTEepPGKGGcHw3/lMZMBmukg6lwAGlfvPXW,1122,"Shazia Bano Nizamani",school,"Head Master / Principal",Nasarpur,9,41302-4567890-8,active,
21,41302-1357924-3,$2y$10$Bd6sUQ/ijAl93P.07UzTEepPGKGGcHw3/lMZMBmukg6lwAGlfvPXW,1122,"Mirza Bashir Baig",school,"Head Master / Principal","Tando Allahyar",10,41302-1357924-3,active,
22,41701-0689521-3,$2y$10$yQqfvTbBjbQDjEF0rVqX7.IOG0F2cXYgRWu1BfGvLLegbLBxkjbKq,khuljasimsim,"Abdul Rafeh",school,"Head Master / Principal","Tando Allahyar",424010147,41701-0689521-3,active,/LSU-PORTAL/assets/uploads/schools/school_11_1790680127.jpg
